<project xmlns="http://maven.apache.org/POM/4.0.0" xmlns:xsi="http://www.w3.org/2001/XMLSchema-instance" xsi:schemaLocation="http://maven.apache.org/POM/4.0.0 http://maven.apache.org/xsd/maven-4.0.0.xsd">
    <modelVersion>4.0.0</modelVersion>
    <!--<parent>-->
        <!--<groupId>com.twitter.elephantbird</groupId>-->
        <!--<artifactId>elephant-bird</artifactId>-->
        <!--<version>4.4</version>-->
        <!--<relativePath>..</relativePath>-->
    <!--</parent>-->
    <artifactId>elephant-bird-hadoop-compat</artifactId>
    <name>Elephant Bird Hadoop Compatibility</name>
    <description>
        Utilities for dealing with Hadoop incompatibilities between 1.x and 2.x
    </description>
    <dependencies>
        <dependency>
            <groupId>org.apache.hadoop</groupId>
            <artifactId>hadoop-client</artifactId>
        </dependency>
    </dependencies>
</project>