<project xmlns="http://maven.apache.org/POM/4.0.0" xmlns:xsi="http://www.w3.org/2001/XMLSchema-instance" xsi:schemaLocation="http://maven.apache.org/POM/4.0.0 http://maven.apache.org/xsd/maven-4.0.0.xsd">
    <modelVersion>4.0.0</modelVersion>
    <!--<parent>-->
        <!--<groupId>com.twitter.elephantbird</groupId>-->
        <!--<artifactId>elephant-bird</artifactId>-->
        <!--<version>4.5-SNAPSHOT</version>-->
        <!--<relativePath>..</relativePath>-->
    <!--</parent>-->
    <artifactId>elephant-bird-core</artifactId>
    <name>Elephant Bird Core</name>
    <description>Core utilities.</description>
    <dependencies>
        <dependency>
            <groupId>com.twitter.elephantbird</groupId>
            <artifactId>elephant-bird-hadoop-compat</artifactId>
        </dependency>
        <dependency>
            <groupId>org.slf4j</groupId>
            <artifactId>slf4j-api</artifactId>
        </dependency>
        <dependency>
            <groupId>org.slf4j</groupId>
            <artifactId>slf4j-simple</artifactId>
        </dependency>
        <dependency>
            <groupId>commons-lang</groupId>
            <artifactId>commons-lang</artifactId>
        </dependency>
        <dependency>
            <groupId>com.google.guava</groupId>
            <artifactId>guava</artifactId>
        </dependency>
        <dependency>
            <groupId>com.google.protobuf</groupId>
            <artifactId>protobuf-java</artifactId>
        </dependency>
        <dependency>
            <groupId>org.apache.thrift</groupId>
            <artifactId>libthrift</artifactId>
        </dependency>
        <dependency>
            <groupId>com.googlecode.json-simple</groupId>
            <artifactId>json-simple</artifactId>
        </dependency>
        <dependency>
            <groupId>org.apache.hadoop</groupId>
            <artifactId>hadoop-client</artifactId>
        </dependency>
        <dependency>
            <groupId>com.hadoop.gplcompression</groupId>
            <artifactId>hadoop-lzo</artifactId>
        </dependency>
        <dependency>
            <groupId>junit</groupId>
            <artifactId>junit</artifactId>
        </dependency>
        <dependency>
            <groupId>ant</groupId>
            <artifactId>ant</artifactId>
        </dependency>
    </dependencies>
    <build>
        <plugins>
            <!--  protobuf  -->
            <plugin>
                <groupId>com.github.igor-petruk.protobuf</groupId>
                <artifactId>protobuf-maven-plugin</artifactId>
                <executions>
                    <execution>
                        <goals>
                            <goal>run</goal>
                        </goals>
                    </execution>
                </executions>
            </plugin>
            <!--  thrift  -->
            <plugin>
                <groupId>org.apache.thrift.tools</groupId>
                <artifactId>maven-thrift-plugin</artifactId>
                <executions>
                    <execution>
                        <id>thrift-sources</id>
                        <phase>generate-sources</phase>
                        <goals>
                            <goal>compile</goal>
                        </goals>
                    </execution>
                    <execution>
                        <id>thrift-test-sources</id>
                        <phase>generate-test-sources</phase>
                        <goals>
                            <goal>testCompile</goal>
                        </goals>
                    </execution>
                </executions>
            </plugin>
            <!--  add generated sources  -->
            <plugin>
                <groupId>org.codehaus.mojo</groupId>
                <artifactId>build-helper-maven-plugin</artifactId>
                <executions>
                    <execution>
                        <id>add-source</id>
                        <phase>generate-sources</phase>
                        <goals>
                            <goal>add-source</goal>
                        </goals>
                        <configuration>
                            <sources>
                                <source>
                                    ${project.build.directory}/generated-sources/protobuf
                                </source>
                                <source>
                                    ${project.build.directory}/generated-sources/thrift
                                </source>
                            </sources>
                        </configuration>
                    </execution>
                </executions>
            </plugin>
        </plugins>
    </build>
</project>