<project xmlns="http://maven.apache.org/POM/4.0.0" xmlns:xsi="http://www.w3.org/2001/XMLSchema-instance" xsi:schemaLocation="http://maven.apache.org/POM/4.0.0 http://maven.apache.org/xsd/maven-4.0.0.xsd">
    <modelVersion>4.0.0</modelVersion>
    <!--<parent>-->
        <!--<groupId>com.twitter.elephantbird</groupId>-->
        <!--<artifactId>elephant-bird</artifactId>-->
        <!--<version>4.4</version>-->
        <!--<relativePath>..</relativePath>-->
    <!--</parent>-->
    <artifactId>elephant-bird-hive</artifactId>
    <name>Elephant Bird Hive</name>
    <description>Hive utilities.</description>
    <repositories>
        <!--  hcatalog artifact hosted by Twitter  -->
        <repository>
            <id>twitter</id>
            <name>Twitter</name>
            <url>http://maven.twttr.com/</url>
            <releases>
                <enabled>true</enabled>
            </releases>
            <snapshots>
                <enabled>false</enabled>
            </snapshots>
        </repository>
    </repositories>
    <dependencies>
        <dependency>
            <groupId>com.twitter.elephantbird</groupId>
            <artifactId>elephant-bird-core</artifactId>
        </dependency>
        <dependency>
            <groupId>org.apache.hadoop</groupId>
            <artifactId>hadoop-client</artifactId>
        </dependency>
        <dependency>
            <groupId>org.slf4j</groupId>
            <artifactId>slf4j-simple</artifactId>
        </dependency>
        <dependency>
            <groupId>org.apache.hive</groupId>
            <artifactId>hive-serde</artifactId>
        </dependency>
        <dependency>
            <groupId>org.apache.hive</groupId>
            <artifactId>hive-exec</artifactId>
        </dependency>
        <dependency>
            <groupId>org.apache.hcatalog</groupId>
            <artifactId>hcatalog</artifactId>
        </dependency>
    </dependencies>
</project>