<?xml version="1.0" encoding="UTF-8"?>
<project
        xsi:schemaLocation="http://maven.apache.org/POM/4.0.0 http://maven.apache.org/xsd/maven-4.0.0.xsd"
        xmlns="http://maven.apache.org/POM/4.0.0" xmlns:xsi="http://www.w3.org/2001/XMLSchema-instance">
    <modelVersion>4.0.0</modelVersion>

    <groupId>org.htuple</groupId>
    <artifactId>htuple-core</artifactId>
    <version>0.1.1</version>

    <dependencies>
        <dependency>
            <groupId>org.slf4j</groupId>
            <artifactId>slf4j-api</artifactId>
            <version>1.5.10</version>
            <scope>compile</scope>
        </dependency>
        <dependency>
            <groupId>log4j</groupId>
            <artifactId>log4j</artifactId>
            <version>1.2.17</version>
            <scope>compile</scope>
        </dependency>
        <dependency>
            <groupId>org.apache.hadoop</groupId>
            <artifactId>hadoop-core</artifactId>
            <version>1.1.2</version>
            <scope>compile</scope>
        </dependency>
        <dependency>
            <groupId>org.codehaus.mojo</groupId>
            <artifactId>findbugs-maven-plugin</artifactId>
            <version>2.5.2</version>
            <scope>test</scope>
        </dependency>
        <dependency>
            <groupId>junit</groupId>
            <artifactId>junit</artifactId>
            <version>4.10</version>
            <scope>compile</scope>
        </dependency>
        <dependency>
            <groupId>org.mockito</groupId>
            <artifactId>mockito-all</artifactId>
            <version>1.9.5</version>
            <scope>compile</scope>
        </dependency>
        <dependency>
            <groupId>org.apache.mrunit</groupId>
            <classifier>hadoop1</classifier>
            <artifactId>mrunit</artifactId>
            <version>1.0.0</version>
        </dependency>
    </dependencies>

</project>
