<?xml version="1.0" encoding="UTF-8"?>
<project
  xsi:schemaLocation="http://maven.apache.org/POM/4.0.0 http://maven.apache.org/xsd/maven-4.0.0.xsd"
  xmlns="http://maven.apache.org/POM/4.0.0" xmlns:xsi="http://www.w3.org/2001/XMLSchema-instance">
  <modelVersion>4.0.0</modelVersion>

  <groupId>kafka</groupId>
  <artifactId>kafka</artifactId>
  <version>0.8-SNAPSHOT</version>

  <dependencies>
    <dependency>
      <groupId>org.scala-lang</groupId>
      <artifactId>scala-library</artifactId>
      <version>2.8.0</version>
    </dependency>
    <dependency>
      <groupId>com.github.sgroschupf</groupId>
      <artifactId>zkclient</artifactId>
      <version>0.1</version>
    </dependency>
    <dependency>
      <groupId>org.apache.zookeeper</groupId>
      <artifactId>zookeeper</artifactId>
      <version>3.3.4</version>
      <exclusions>
        <exclusion>
          <groupId>log4j</groupId>
          <artifactId>log4j</artifactId>
        </exclusion>
        <exclusion>
          <groupId>jline</groupId>
          <artifactId>jline</artifactId>
        </exclusion>
      </exclusions>
    </dependency>
    <dependency>
      <groupId>log4j</groupId>
      <artifactId>log4j</artifactId>
      <version>1.2.15</version>
      <exclusions>
        <exclusion>
          <groupId>com.sun.jmx</groupId>
          <artifactId>jmxri</artifactId>
        </exclusion>
        <exclusion>
          <groupId>com.sun.jdmk</groupId>
          <artifactId>jmxtools</artifactId>
        </exclusion>
        <exclusion>
          <groupId>javax.jms</groupId>
          <artifactId>jms</artifactId>
        </exclusion>
        <exclusion>
          <groupId>javax.jms</groupId>
          <artifactId>mail</artifactId>
        </exclusion>
      </exclusions>
    </dependency>
    <dependency>
         <groupId>org.xerial.snappy</groupId>
         <artifactId>snappy-java</artifactId>
         <version>1.0.4.1</version>
    </dependency>
    <dependency>
         <groupId>com.yammer.metrics</groupId>
         <artifactId>metrics-core</artifactId>
         <version>2.2.0</version>
    </dependency>
    <dependency>
         <groupId>com.yammer.metrics</groupId>
         <artifactId>metrics-annotation</artifactId>
         <version>2.2.0</version>
    </dependency>
<dependency>
			<groupId>org.scala-lang</groupId>
			<artifactId>scala-library</artifactId>
			<version>2.8.0</version>
		</dependency>
  </dependencies>

</project>
